{
  "STOCKSMP INDEX": {
    "Original": 1153846,
    "History": [
      1153846,
      1167689.637867,
      1199100.018743,
      1206191.48243,
      1231245.350189,
      1257113.099589
    ],
    "Category": "Main",
    "_dipStreak": 0
  },
  "Diamonds": {
    "Original": 576923,
    "History": [
      576923,
      586603.840472,
      577133.984466,
      573797.590219,
      572746.900842,
      582511.128109
    ],
    "Category": "Main",
    "_dipStreak": 3
  },
  "Netherite": {
    "Original": 1038462,
    "History": [
      1038462,
      1033458.682036,
      1044313.616412,
      1041745.445797,
      1069603.932363,
      1085174.027887
    ],
    "Category": "Main",
    "_dipStreak": 0
  },
  "Iron": {
    "Original": 92308,
    "History": [
      92308,
      91265.288215,
      90336.327053,
      90545.700991,
      88856.59447,
      86817.008294
    ],
    "Category": "Main",
    "_dipStreak": 1
  },
  "Copper": {
    "Original": 46154,
    "History": [
      46154,
      45487.132388,
      46300.570484,
      46210.32551,
      45186.575144,
      45153.045828
    ],
    "Category": "Main",
    "_dipStreak": 2
  },
  "Coal": {
    "Original": 28846,
    "History": [
      28846,
      29384.564516,
      28813.595176,
      29621.021597,
      30066.795208,
      29944.845564
    ],
    "Category": "Main",
    "_dipStreak": 0
  },
  "Obsidian": {
    "Original": 103846,
    "History": [
      103846,
      101651.459056,
      103066.155908,
      101150.842461,
      102696.395249,
      104184.470868
    ],
    "Category": "Main",
    "_dipStreak": 0
  },
  "Emerald": {
    "Original": 403846,
    "History": [
      403846,
      410999.268745,
      418088.062141,
      422284.727117,
      422340.690925,
      425475.854901
    ],
    "Category": "Main",
    "_dipStreak": 0
  },
  "Beacon": {
    "Original": 3461538,
    "History": [
      3461538,
      3383149.904297,
      3329087.166812,
      3308014.755169,
      3369661.384884,
      3308380.137778
    ],
    "Category": "Main",
    "_dipStreak": 0
  },
  "G4MBLE": {
    "Original": 115385,
    "History": [
      115385,
      112420.835113,
      113539.332493,
      115903.405581,
      112491.839987,
      112530.302762
    ],
    "Category": "Main",
    "_dipStreak": 1
  },
  "Dirt": {
    "Original": 15000,
    "History": [
      15000,
      15389.620052,
      14956.979412,
      15285.649048,
      15406.245129,
      15257.862133
    ],
    "Category": "Penny Index",
    "_dipStreak": 0
  },
  "Wood": {
    "Original": 30000,
    "History": [
      30000,
      29397.369966,
      29152.014958,
      28560.787978,
      29233.100563,
      28649.817773
    ],
    "Category": "Penny Index",
    "_dipStreak": 0
  },
  "Wheat": {
    "Original": 20769,
    "History": [
      20769,
      21283.294574,
      20779.618164,
      21252.764236,
      21559.402257,
      21198.020078
    ],
    "Category": "Penny Index",
    "_dipStreak": 0
  },
  "Redstone": {
    "Original": 34615,
    "History": [
      34615,
      34275.610211,
      35167.924684,
      36153.716934,
      36634.499763,
      36872.218978
    ],
    "Category": "Penny Index",
    "_dipStreak": 0
  },
  "Quartz": {
    "Original": 51923,
    "History": [
      51923,
      53470.938405,
      53680.553234,
      54900.915967,
      53281.425628,
      54295.118019
    ],
    "Category": "Penny Index",
    "_dipStreak": 1
  },
  "SlimeBall": {
    "Original": 17308,
    "History": [
      17308,
      17411.084925,
      17533.229151,
      17152.335058,
      17434.461384,
      17552.370085
    ],
    "Category": "Penny Index",
    "_dipStreak": 0
  },
  "Elytra": {
    "Original": 2884615,
    "History": [
      2884615,
      2902321.033892,
      2975953.797788,
      2954636.23057,
      2992604.738392,
      2946295.51052
    ],
    "Category": "Trending",
    "_dipStreak": 0
  },
  "Gold": {
    "Original": 138462,
    "History": [
      138462,
      136544.50833,
      136860.351464,
      133019.770171,
      136736.69742,
      139600.891564
    ],
    "Category": "Trending",
    "_dipStreak": 0
  },
  "Mace": {
    "Original": 4038462,
    "History": [
      4038462,
      4062286.114682,
      4157581.711234,
      4145847.413298,
      4083743.899324,
      4016975.569708
    ],
    "Category": "Trending",
    "_dipStreak": 2
  },
  "EnderPearl": {
    "Original": 230769,
    "History": [
      230769,
      224908.123438,
      218815.161603,
      213399.915259,
      212693.905284,
      206502.466338
    ],
    "Category": "Trending",
    "_dipStreak": 4
  },
  "WitherStar": {
    "Original": 5769231,
    "History": [
      5769231,
      5645472.772254,
      5789909.515889,
      5887009.751976,
      6044385.937311,
      6081416.521829
    ],
    "Category": "Trending",
    "_dipStreak": 0
  },
  "VoidFragment": {
    "Original": 692308,
    "History": [
      692308,
      702584.894238,
      719639.265545,
      728508.407404,
      731102.196067,
      722229.126203
    ],
    "Category": "Trending",
    "_dipStreak": 0
  },
  "Totem of Undying": {
    "Original": 8076923,
    "History": [
      8076923,
      8132883.822376,
      8062759.635345,
      8000387.569414,
      8033965.89677,
      8241306.88081
    ],
    "Category": "Trending",
    "_dipStreak": 0
  },
  "SeanCoin": {
    "Original": 57692,
    "History": [
      57692,
      59380.229293,
      58256.142432,
      59895.128688,
      58420.027957,
      58799.383524
    ],
    "Category": "MEME COINS",
    "_dipStreak": 1
  },
  "PiglinCoin": {
    "Original": 69231,
    "History": [
      69231,
      69843.61424,
      68979.154612,
      67591.659276,
      69227.387244,
      69371.592977
    ],
    "Category": "MEME COINS",
    "_dipStreak": 0
  },
  "CreeperCoin": {
    "Original": 48462,
    "History": [
      48462,
      48619.06151,
      47167.600463,
      47149.64197,
      47860.892951,
      49054.317597
    ],
    "Category": "MEME COINS",
    "_dipStreak": 0
  },
  "EnderCoin": {
    "Original": 63462,
    "History": [
      63462,
      61674.267657,
      63240.880769,
      64891.086658,
      66577.756842,
      66479.998738
    ],
    "Category": "MEME COINS",
    "_dipStreak": 0
  },
  "SteveCoin": {
    "Original": 42692,
    "History": [
      42692,
      43504.241173,
      43709.851479,
      43302.976898,
      42006.668582,
      42956.280943
    ],
    "Category": "MEME COINS",
    "_dipStreak": 2
  },
  "VillagerCoin": {
    "Original": 70385,
    "History": [
      70385,
      71741.088332,
      70467.700077,
      70565.800387,
      72673.913333,
      74099.636627
    ],
    "Category": "MEME COINS",
    "_dipStreak": 0
  },
  "PigCoin": {
    "Original": 32308,
    "History": [
      32308,
      33006.429551,
      33863.835567,
      33456.225428,
      34358.585129,
      33436.308757
    ],
    "Category": "MEME COINS",
    "_dipStreak": 0
  },
  "ChickenCoin": {
    "Original": 27692,
    "History": [
      27692,
      27653.308446,
      27741.577354,
      27204.116968,
      27340.726693,
      28080.353154
    ],
    "Category": "MEME COINS",
    "_dipStreak": 0
  },
  "AxolotlCoin": {
    "Original": 54231,
    "History": [
      54231,
      54754.216112,
      55809.788375,
      54379.541197,
      52762.001754,
      53008.71254
    ],
    "Category": "MEME COINS",
    "_dipStreak": 2
  },
  "HerobrineCoin": {
    "Original": 101538,
    "History": [
      101538,
      98822.073234,
      100826.909244,
      101661.660217,
      102208.895255,
      103042.508762
    ],
    "Category": "MEME COINS",
    "_dipStreak": 0
  },
  "DragonCoin": {
    "Original": 138462,
    "History": [
      138462,
      137895.203885,
      139464.905815,
      143347.659785,
      147445.329851,
      147817.157331
    ],
    "Category": "MEME COINS",
    "_dipStreak": 0
  },
  "BedrockCoin": {
    "Original": 86538,