{
  "STOCKSMP INDEX": {
    "History": [
      300,
      420,
      510,
      480,
      530,
      500,
      560,
      600,
      580,
      620,
      650,
      630,
      670,
      710,
      690,
      705,
      740,
      500,
      300,
      400,
      350,
      500,
      450,
      550,
      475,
      620,
      560,
      570.931712,
      459.923368,
      512.520228,
      415.789659,
      394.411851,
      436.672612,
      395.837167,
      437.845022,
      394.451258,
      443.212157,
      496.244353,
      593.092466,
      608.044532,
      710.506302,
      849.879197,
      743.526297,
      890.33809,
      947.531578,
      926.447681
    ],
    "Original": 150,
    "Category": "Main"
  },
  "Diamonds": {
    "History": [
      20,
      22,
      28,
      35,
      30,
      38,
      42,
      48,
      55,
      60,
      72,
      68,
      75,
      70,
      78,
      85,
      82,
      88,
      90,
      70,
      65,
      75,
      79,
      65,
      63,
      64,
      58,
      60,
      67,
      57.349708,
      55.618343,
      62.116245,
      50.091364,
      55.935803,
      62.340019,
      57.477893,
      68.185754,
      56.115007,
      51.355851,
      42.731112,
      49.065434,
      56.677703,
      55.563247,
      47.112044,
      40.968866,
      40.605941,
      42.983044,
      40.995179
    ],
    "Original": 20,
    "Category": "Main"
  },
  "Netherite": {
    "History": [
      1103,
      1280,
      980,
      1450,
      870,
      1600,
      1320,
      720,
      1550,
      1400,
      1900,
      1200,
      2100,
      1650,
      900,
      932.044117,
      923.127924,
      1077.321852,
      996.337563,
      977.740062,
      1032.327883
    ],
    "Original": 1102,
    "Category": "Main"
  },
  "Iron": {
    "History": [
      5,
      5.4,
      5.1,
      5.8,
      6.2,
      6,
      6.6,
      7.1,
      7.9,
      7.5,
      7,
      6.238442,
      5.564302,
      6.31542,
      6.338216,
      6.37931,
      5.579424,
      5.894592,
      7.02956,
      6.723682,
      6.246447,
      7.467132,
      8.025837,
      8.094954,
      9.069184,
      9.531783,
      8.874878,
      10.275259,
      8.723776,
      10.239768
    ],
    "Original": 5,
    "Category": "Main"
  },
  "Copper": {
    "History": [
      2,
      2.3,
      2.1,
      2.6,
      2.4,
      2.9,
      3.1,
      10,
      3,
      2.627551,
      2.222622,
      2.660386,
      2.616073,
      2.514184,
      2.237399,
      2.458313,
      2.269929,
      1.91966,
      2.18229,
      2.45318,
      2.682986,
      2.938054,
      3.139332,
      2.522252,
      2.614028,
      2.404968,
      2.834982,
      2.543229
    ],
    "Original": 2.5,
    "Category": "Main"
  },
  "Coal": {
    "History": [
      1,
      1.05,
      1.1,
      1.3,
      1.25,
      1.4,
      1.55,
      1.35,
      1.65,
      1.326651,
      1.132747,
      1.336974,
      1.293858,
      1.362635,
      1.521404,
      1.2953,
      1.414409,
      1.312381,
      1.245322,
      1.196801,
      1.325915,
      1.063825,
      0.854924,
      0.768627,
      0.749982,
      0.609038,
      0.601604,
      0.575038
    ],
    "Original": 1,
    "Category": "Main"
  },
  "Dirt": {
    "History": [
      0.000031,
      0.000029,
      0.000033,
      0.000038,
      0.000035,
      0.000041,
      0.000055,
      0.0001,
      0.00013,
      0.00043,
      0.00025,
      0.00015,
      0.00005,
      0.00009,
      0.000097,
      0.00011,
      0.000124,
      0.000104,
      0.000108,
      0.00009,
      0.000097,
      0.000086,
      0.000095,
      0.000106,
      0.000115,
      0.000111,
      0.000099,
      0.000087,
      0.000103,
      0.000089,
      0.000086,
      0.000082,
      0.000069
    ],
    "Original": 0.000031,
    "Category": "Penny Index"
  },
  "Wood": {
    "History": [
      0.5,
      0.48,
      0.52,
      0.6,
      0.58,
      0.65,
      0.7,
      1,
      9,
      6,
      5,
      2,
      7,
      6,
      5,
      7,
      5,
      3,
      4,
      2,
      3,
      2,
      1,
      1,
      1,
      0.95,
      0.75,
      0.79,
      0.80206,
      0.683554,
      0.551571,
      0.536529,
      0.492076,
      0.544711,
      0.543854,
      0.620182,
      0.696662,
      0.613623,
      0.584481,
      0.636424,
      0.578538,
      0.477519,
      0.489198,
      0.56243,
      0.559371,
      0.530824,
      0.587307
    ],
    "Original": 0.5,
    "Category": "Penny Index"
  },
  "Wheat": {
    "History": [
      0.3,
      0.32,
      0.31,
      0.36,
      0.34,
      0.4,
      0.45,
      0.476112,
      0.388062,
      0.367709,
      0.368818,
      0.438014,
      0.428962,
      0.371463,
      0.340273,
      0.397998,
      0.442427,
      0.423733,
      0.364933,
      0.372017,
      0.419369,
      0.38511,
      0.332284,
      0.342658,
      0.276631,
      0.271043
    ],
    "Original": 0.3,
    "Category": "Penny Index"
  },
  "Elytra": {
    "History": [
      3000,
      3080,
      2950,
      2920,
      2850,
      2800,
      2750,
      2780,
      2820,
      2900,
      2950,
      3050,
      3100,
      3102,
      3162,
      3120,
      3185,
      3250,
      3190,
      3275,
      3350,
      3300,
      3380,
      3450,
      3520,
      3480,
      3555,
      3620,
      3580,
      3650,
      3725,
      3680,
      3760,
      3840,
      3920,
      3885,
      3029,
      3503,
      3283.077235,
      2931.555138,
      3480.416366,
      3626.315975,
      4279.046912,
      4390.304096,
      4150.018633,
      3600.314736,
      3706.926748,
      4388.45726,
      3916.011245,
      3361.096601,
      3127.506035,
      3085.486065,
      2833.871888,
      3252.824298,
      3690.568773,
      3116.391027,
      3738.474968
    ],
    "Original": 2952,
    "Category": "Trending"
  },
  "Gold": {
    "History": [
      15,
      30,
      25,
      60,
      50,
      80,
      100,
      98,
      102,
      108,
      112,
      109,
      115,
      100,
      90,
      92,
      85,
      87,
      79,
      70,
      60,
      20,
      26,
      30,
      39,
      38,
      34,
      27,
      23,
      30,
      45,
      29,
      35,
      39.850256,
      34.098983,
      31.986391,
      35.071856,
      28.330903,
      32.366928,
      33.964394,
      40.644382,
      36.102794,
      30.207826,
      24.221406,
      23.623591,
      27.186942,
      24.146159,
      24.48393,
      25.281501,
      21.878703,
      19.067176,
      21.246476
    ],
    "Original": 15,
    "Category": "Trending"
  },
  "SeanCoin": {
    "History": [
      1.3,
      1.4,
      1.1,
      0.9,
      1.1,
      1.25,
      1.35,
      1.2,
      1,
      1.15,
      1.05,
      0.95,
      1.1,
      1.3,
      1.45,
      1.2,
      1.05,
      0.85,
      0.9,
      1,
      1.2,
      1.35,
      1.15,
      1,
      0.98,
      1.05,
      1.2,
      1,
      0.95,
      0.75,
      0.85,
      0.95,
      1.15,
      1.3,
      1.4,
      1.1,
      0.9,
      1.1,
      1.25,
      1.35,
      1.2,
      1,
      1.15,
      1.05,
      0.95,
      1.1,
      1.3,
      1.45,
      0.95,
      0.81,
      1,
      1.018886,
      1.210634,
      1.088772
    ],
    "Original": 1.3,
    "Category": "MEME COINS"
  },