{
  "STOCKSMP INDEX": {
    "History": [
      1,
      50,
      100,
      90,
      100,
      90,
      100,
      150,
      140,
      130,
      120,
      130,
      140,
      120,
      110,
      118.69
    ],
    "Original": 1,
    "Category": "Main",
    "Min": 50,
    "Max": 500,
    "Volatility": 10
  },
  "Diamonds": {
    "History": [
      20,
      25,
      30,
      50,
      30,
      45,
      45,
      50,
      55,
      65,
      85,
      75,
      80,
      73,
      70,
      75,
      80,
      85,
      82,
      84,
      82.85
    ],
    "Original": 20,
    "Category": "Main",
    "Min": 15,
    "Max": 150,
    "Volatility": 4
  },
  "Netherite": {
    "History": [
      100,
      110,
      105,
      128,
      127.71
    ],
    "Original": 110,
    "Category": "Main",
    "Min": 80,
    "Max": 300,
    "Volatility": 8
  },
  "Iron": {
    "History": [
      5,
      6,
      5.5,
      7,
      6.78
    ],
    "Original": 5,
    "Category": "Main",
    "Min": 2,
    "Max": 20,
    "Volatility": 0.5
  },
  "Copper": {
    "History": [
      2,
      3,
      2.5,
      2.8,
      2.89
    ],
    "Original": 2.5,
    "Category": "Main",
    "Min": 1,
    "Max": 10,
    "Volatility": 0.3
  },
  "Coal": {
    "History": [
      1,
      1.2,
      1.1,
      1.5,
      1.39
    ],
    "Original": 1,
    "Category": "Main",
    "Min": 0.5,
    "Max": 5,
    "Volatility": 0.2
  },
  "Dirt": {
    "History": [
      3.1e-05,
      3.3e-05,
      0.00031,
      0.00031,
      0.0004,
      1e-05
    ],
    "Original": 3.1e-05,
    "Category": "Penny Index",
    "Min": 1e-05,
    "Max": 0.01,
    "Volatility": 0.0001
  },
  "Wood": {
    "History": [
      0.5,
      0.6,
      0.55,
      0.7,
      0.71
    ],
    "Original": 0.5,
    "Category": "Penny Index",
    "Min": 0.2,
    "Max": 3,
    "Volatility": 0.1
  },
  "Wheat": {
    "History": [
      0.3,
      0.4,
      0.35,
      0.45,
      0.48
    ],
    "Original": 0.3,
    "Category": "Penny Index",
    "Min": 0.1,
    "Max": 2,
    "Volatility": 0.05
  },
  "Elytra": {
    "History": [
      3000,
      3102,
      3021,
      2991,
      2992,
      2921,
      2900,
      2893,
      2830,
      2810,
      2831,
      2813,
      2840,
      2900,
      2903,
      2912,
      2981,
      3001,
      2951.31
    ],
    "Original": 2952,
    "Category": "Trending",
    "Min": 2000,
    "Max": 5000,
    "Volatility": 50
  },
  "Gold": {
    "History": [
      102,
      105,
      112,
      108.37
    ],
    "Original": 100,
    "Category": "Trending",
    "Min": 50,
    "Max": 250,
    "Volatility": 5
  }
}