{
  "STOCKSMP INDEX": {
    "History": [
      300,
      420,
      510,
      480,
      530,
      500,
      560,
      600,
      580,
      620,
      650,
      630,
      670,
      710,
      690,
      705,
      740,
      500,
      300,
      400,
      350,
      500,
      450,
      550,
      475,
      620,
      560,
      570.931712,
      459.923368,
      512.520228,
      415.789659,
      394.411851,
      436.672612,
      395.837167,
      437.845022,
      394.451258,
      443.212157,
      496.244353,
      593.092466
    ],
    "Original": 150,
    "Category": "Main"
  },
  "Diamonds": {
    "History": [
      20,
      22,
      28,
      35,
      30,
      38,
      42,
      48,
      55,
      60,
      72,
      68,
      75,
      70,
      78,
      85,
      82,
      88,
      90,
      70,
      65,
      75,
      79,
      65,
      63,
      64,
      58,
      60,
      67,
      57.349708,
      55.618343,
      62.116245,
      50.091364,
      55.935803,
      62.340019,
      57.477893,
      68.185754,
      56.115007,
      51.355851,
      42.731112,
      49.065434
    ],
    "Original": 20,
    "Category": "Main"
  },
  "Netherite": {
    "History": [
      100,
      108,
      104,
      112,
      120,
      118,
      125,
      130,
      128,
      144.445254,
      120.748937,
      140.764913,
      132.486243,
      136.055828,
      110.610762,
      101.253328,
      97.617247,
      102.712665,
      91.880246,
      82.1974,
      86.03131
    ],
    "Original": 110,
    "Category": "Main"
  },
  "Iron": {
    "History": [
      5,
      5.4,
      5.1,
      5.8,
      6.2,
      6,
      6.6,
      7.1,
      7.9,
      7.5,
      7,
      6.238442,
      5.564302,
      6.31542,
      6.338216,
      6.37931,
      5.579424,
      5.894592,
      7.02956,
      6.723682,
      6.246447,
      7.467132,
      8.025837
    ],
    "Original": 5,
    "Category": "Main"
  },
  "Copper": {
    "History": [
      2,
      2.3,
      2.1,
      2.6,
      2.4,
      2.9,
      3.1,
      10,
      3,
      2.627551,
      2.222622,
      2.660386,
      2.616073,
      2.514184,
      2.237399,
      2.458313,
      2.269929,
      1.91966,
      2.18229,
      2.45318,
      2.682986
    ],
    "Original": 2.5,
    "Category": "Main"
  },
  "Coal": {
    "History": [
      1,
      1.05,
      1.1,
      1.3,
      1.25,
      1.4,
      1.55,
      1.35,
      1.65,
      1.326651,
      1.132747,
      1.336974,
      1.293858,
      1.362635,
      1.521404,
      1.2953,
      1.414409,
      1.312381,
      1.245322,
      1.196801,
      1.325915
    ],
    "Original": 1,
    "Category": "Main"
  },
  "Dirt": {
    "History": [
      0.000031,
      0.000029,
      0.000033,
      0.000038,
      0.000035,
      0.000041,
      0.000055,
      0.0001,
      0.00013,
      0.00043,
      0.00025,
      0.00015,
      0.00005,
      0.00009,
      0.000097,
      0.00011,
      0.000124,
      0.000104,
      0.000108,
      0.00009,
      0.000097,
      0.000086,
      0.000095,
      0.000106,
      0.000115,
      0.000111
    ],
    "Original": 0.000031,
    "Category": "Penny Index"
  },
  "Wood": {
    "History": [
      0.5,
      0.48,
      0.52,
      0.6,
      0.58,
      0.65,
      0.7,
      1,
      9,
      6,
      5,
      2,
      7,
      6,
      5,
      7,
      5,
      3,
      4,
      2,
      3,
      2,
      1,
      1,
      1,
      0.95,
      0.75,
      0.79,
      0.80206,
      0.683554,
      0.551571,
      0.536529,
      0.492076,
      0.544711,
      0.543854,
      0.620182,
      0.696662,
      0.613623,
      0.584481,
      0.636424
    ],
    "Original": 0.5,
    "Category": "Penny Index"
  },
  "Wheat": {
    "History": [
      0.3,
      0.32,
      0.31,
      0.36,
      0.34,
      0.4,
      0.45,
      0.476112,
      0.388062,
      0.367709,
      0.368818,
      0.438014,
      0.428962,
      0.371463,
      0.340273,
      0.397998,
      0.442427,
      0.423733,
      0.364933
    ],
    "Original": 0.3,
    "Category": "Penny Index"
  },
  "Elytra": {
    "History": [
      3000,
      3080,
      2950,
      2920,
      2850,
      2800,
      2750,
      2780,
      2820,
      2900,
      2950,
      3050,
      3100,
      3102,
      3162,
      3120,
      3185,
      3250,
      3190,
      3275,
      3350,
      3300,
      3380,
      3450,
      3520,
      3480,
      3555,
      3620,
      3580,
      3650,
      3725,
      3680,
      3760,
      3840,
      3920,
      3885,
      3029,
      3503,
      3283.077235,
      2931.555138,
      3480.416366,
      3626.315975,
      4279.046912,
      4390.304096,
      4150.018633,
      3600.314736,
      3706.926748,
      4388.45726,
      3916.011245,
      3361.096601
    ],
    "Original": 2952,
    "Category": "Trending"
  },
  "Gold": {
    "History": [
      15,
      30,
      25,
      60,
      50,
      80,
      100,
      98,
      102,
      108,
      112,
      109,
      115,
      100,
      90,
      92,
      85,
      87,
      79,
      70,
      60,
      20,
      26,
      30,
      39,
      38,
      34,
      27,
      23,
      30,
      45,
      29,
      35,
      39.850256,
      34.098983,
      31.986391,
      35.071856,
      28.330903,
      32.366928,
      33.964394,
      40.644382,
      36.102794,
      30.207826,
      24.221406,
      23.623591
    ],
    "Original": 15,
    "Category": "Trending"
  },
  "SeanCoin": {
    "History": [
      1.3,
      1.4,
      1.1,
      0.9,
      1.1,
      1.25,
      1.35,
      1.2,
      1,
      1.15,
      1.05,
      0.95,
      1.1,
      1.3,
      1.45,
      1.2,
      1.05,
      0.85,
      0.9,
      1,
      1.2,
      1.35,
      1.15,
      1,
      0.98,
      1.05,
      1.2,
      1,
      0.95,
      0.75,
      0.85,
      0.95,
      1.15,
      1.3,
      1.4,
      1.1,
      0.9,
      1.1,
      1.25,
      1.35,
      1.2,
      1,
      1.15,
      1.05,
      0.95,
      1.1,
      1.3,
      1.45,
      0.95,
      0.81,
      1,
      2,
      3,
      2,
      1.5,
      2,
      1.8,
      2,
      1.5,
      1.65,
      1.45,
      2,
      2.5,
      3,
      5,
      4.5,
      4,
      3,
      2.5,
      3,
      2.65,
      3.161532,
      2.772294,
      2.477716,
      2.870673,
      2.627812,
      2.727425,
      3.23585,
      3.739472,
      3.285377,
      3.161238,
      2.63647,
      2.416298
    ],
    "Original": 1.3,
    "Category": "MEME COINS"
  },
  "Mace": {
    "History": [
      38150,
      42000,
      39000,
      47000,
      35000,
      52000,
      48000,
      61000,
      45000,
      73000,
      68000,
      92000,
      105000,
      87000,
      120000,
      108317.787466,
      95915.706472,
      109260.935063,
      88189.249939,
      97403.489306,
      91548.431672,
      74181.038396,
      68632.328567,
      63816.479582,
      52983.221095,
      53135.569237,
      59936.988886
    ],
    "Original": 38150,
    "Category": "Trending"
  },
  "Obsidian": {
    "History": [
      45,
      48,
      52,
      49,
      55,
      60,
      58,
      63,
      61,
      66,
      70,
      68,
      57.925029,
      64.856362,
      68.353766,
      67.192161,
      77.973682,
      62.400019,
      56.598891,
      54.801816,
      55.93328,
      54.146036,
      53.589531,
      50.043886
    ],
    "Original": 45,
    "Category": "Main"
  },
  "Emerald": {
    "History": [
      120,
      135,
      128,
      140,
      155,
      150,
      162,
      158,
      170,
      165,
      178,
      185,
      180,
      148.477113,
      174.929697,
      177.346771,
      203.328479,
      227.356643,
      241.727815,
      253.867146,
      205.833495,
      235.930256,
      269.948029,
      262.972066,
      309.962376
    ],
    "Original": 120,
    "Category": "Main"
  },