{
  "STOCKSMP INDEX": {
    "Original": 1153846,
    "History": [
      1153846,
      1167689.637867,
      1199100.018743,
      1206191.48243,
      1231245.350189,
      1257113.099589,
      1277846.717674,
      1270325.49991,
      1297527.984457,
      1307674.730709,
      1309943.435427,
      1320710.47719,
      1358008.135445
    ],
    "Category": "Main",
    "_dipStreak": 0
  },
  "Diamonds": {
    "Original": 576923,
    "History": [
      576923,
      586603.840472,
      577133.984466,
      573797.590219,
      572746.900842,
      582511.128109,
      590283.886149,
      578475.787733,
      573621.875072,
      581829.174628,
      573321.171618,
      560990.242037,
      551386.939759
    ],
    "Category": "Main",
    "_dipStreak": 2
  },
  "Netherite": {
    "Original": 1038462,
    "History": [
      1038462,
      1033458.682036,
      1044313.616412,
      1041745.445797,
      1069603.932363,
      1085174.027887,
      1083168.450862,
      1109017.080387,
      1098756.094218,
      1124781.556739,
      1123938.654212,
      1125673.281188,
      1099728.969197
    ],
    "Category": "Main",
    "_dipStreak": 0
  },
  "Iron": {
    "Original": 92308,
    "History": [
      92308,
      91265.288215,
      90336.327053,
      90545.700991,
      88856.59447,
      86817.008294,
      85558.548001,
      86777.585996,
      86455.266656,
      87122.57567,
      86439.099667,
      86213.750644,
      87104.071489
    ],
    "Category": "Main",
    "_dipStreak": 2
  },
  "Copper": {
    "Original": 46154,
    "History": [
      46154,
      45487.132388,
      46300.570484,
      46210.32551,
      45186.575144,
      45153.045828,
      46291.199215,
      47230.31748,
      48619.979664,
      50000.76667,
      50969.808511,
      52416.775962,
      51100.739074
    ],
    "Category": "Main",
    "_dipStreak": 0
  },
  "Coal": {
    "Original": 28846,
    "History": [
      28846,
      29384.564516,
      28813.595176,
      29621.021597,
      30066.795208,
      29944.845564,
      30271.40855,
      29499.732186,
      29510.640107,
      28722.30559,
      29450.871534,
      28867.30506,
      28362.027663
    ],
    "Category": "Main",
    "_dipStreak": 1
  },
  "Obsidian": {
    "Original": 103846,
    "History": [
      103846,
      101651.459056,
      103066.155908,
      101150.842461,
      102696.395249,
      104184.470868,
      102340.421057,
      102525.628823,
      104015.252078,
      103156.891895,
      103800.332743,
      101974.320957,
      104621.68261
    ],
    "Category": "Main",
    "_dipStreak": 1
  },
  "Emerald": {
    "Original": 403846,
    "History": [
      403846,
      410999.268745,
      418088.062141,
      422284.727117,
      422340.690925,
      425475.854901,
      436160.189845,
      434162.906342,
      440185.172307,
      429119.739134,
      429662.681723,
      419605.509862,
      423875.392136
    ],
    "Category": "Main",
    "_dipStreak": 1
  },
  "Beacon": {
    "Original": 3461538,
    "History": [
      3461538,
      3383149.904297,
      3329087.166812,
      3308014.755169,
      3369661.384884,
      3308380.137778,
      3211789.131417,
      3218237.87073,
      3233773.345424,
      3327230.032286,
      3247795.396009,
      3168390.776491,
      3191871.16694
    ],
    "Category": "Main",
    "_dipStreak": 2
  },
  "G4MBLE": {
    "Original": 115385,
    "History": [
      115385,
      112420.835113,
      113539.332493,
      115903.405581,
      112491.839987,
      112530.302762,
      111049.476807,
      111913.307561,
      113692.497147,
      113115.211836,
      111170.517978,
      108013.766289,
      108449.76017
    ],
    "Category": "Main",
    "_dipStreak": 3
  },
  "Dirt": {
    "Original": 15000,
    "History": [
      15000,
      15389.620052,
      14956.979412,
      15285.649048,
      15406.245129,
      15257.862133,
      15715.152047,
      15810.27018,
      15664.457815,
      15255.808297,
      15002.142861,
      15230.369069,
      14787.442859
    ],
    "Category": "Penny Index",
    "_dipStreak": 0
  },
  "Wood": {
    "Original": 30000,
    "History": [
      30000,
      29397.369966,
      29152.014958,
      28560.787978,
      29233.100563,
      28649.817773,
      29395.037497,
      28966.485707,
      29118.233919,
      28757.0696,
      29012.996362,
      29625.363601,
      29176.726087
    ],
    "Category": "Penny Index",
    "_dipStreak": 0
  },
  "Wheat": {
    "Original": 20769,
    "History": [
      20769,
      21283.294574,
      20779.618164,
      21252.764236,
      21559.402257,
      21198.020078,
      21160.75754,
      20766.012672,
      20549.626315,
      20842.064238,
      20912.344462,
      20924.688279,
      20639.570555
    ],
    "Category": "Penny Index",
    "_dipStreak": 0
  },
  "Redstone": {
    "Original": 34615,
    "History": [
      34615,
      34275.610211,
      35167.924684,
      36153.716934,
      36634.499763,
      36872.218978,
      36643.227953,
      35634.339839,
      36532.181731,
      37572.070289,
      37879.842661,
      36928.791203,
      37520.608353
    ],
    "Category": "Penny Index",
    "_dipStreak": 1
  },
  "Quartz": {
    "Original": 51923,
    "History": [
      51923,
      53470.938405,
      53680.553234,
      54900.915967,
      53281.425628,
      54295.118019,
      52937.269758,
      52913.806079,
      51582.779386,
      51022.607997,
      50726.32927,
      60871.595124,
      66958.754636
    ],
    "Category": "Penny Index",
    "_dipStreak": 0
  },
  "SlimeBall": {
    "Original": 17308,
    "History": [
      17308,
      17411.084925,
      17533.229151,
      17152.335058,
      17434.461384,
      17552.370085,
      17067.019381,
      17535.988795,
      17776.437038,
      17910.247955,
      17993.967784,
      17522.497852,
      17280.581905
    ],
    "Category": "Penny Index",
    "_dipStreak": 1
  },
  "Elytra": {
    "Original": 2884615,
    "History": [
      2884615,
      2902321.033892,
      2975953.797788,
      2954636.23057,
      2992604.738392,
      2946295.51052,
      2891628.235021,
      2849432.907756,
      2791465.550842,
      2737523.111353,
      3285027.733624,
      3613530.506986,
      4697589.659082
    ],
    "Category": "Trending",
    "_dipStreak": 0
  },
  "Gold": {
    "Original": 138462,
    "History": [
      138462,
      136544.50833,
      136860.351464,
      133019.770171,
      136736.69742,
      139600.891564,
      143650.433483,
      147587.217375,
      146978.620312,
      146012.851951,
      149949.046323,
      152394.910791,
      156962.553748
    ],
    "Category": "Trending",
    "_dipStreak": 0
  },
  "Mace": {
    "Original": 4038462,
    "History": [
      4038462,
      4062286.114682,
      4157581.711234,
      4145847.413298,
      4083743.899324,
      4016975.569708,
      4046574.715168,
      4106046.515809,
      4074669.409653,
      4185682.919903,
      4116113.557655,
      4077149.970241,
      4041994.756814
    ],
    "Category": "Trending",
    "_dipStreak": 2
  },
  "EnderPearl": {
    "Original": 230769,
    "History": [
      230769,
      224908.123438,
      218815.161603,
      213399.915259,
      212693.905284,
      206502.466338,
      247802.959606,
      272583.255567,
      354358.232237,
      407511.967073,
      448263.16378,
      537915.796536,
      591707.37619
    ],
    "Category": "Trending",
    "_dipStreak": 0
  },
  "WitherStar": {
    "Original": 5769231,
    "History": [
      5769231,
      5645472.772254,
      5789909.515889,
      5887009.751976,
      6044385.937311,
      6081416.521829,
      6096528.534294,
      6026673.117556,
      6092382.039541,
      6027412.894149,
      6053967.033655,
      6080152.616489,
      6015366.695855
    ],
    "Category": "Trending",
    "_dipStreak": 0
  },
  "VoidFragment": {
    "Original": 692308,