{
  "STOCKSMP INDEX": {
    "History": [
      300,
      420,
      510,
      480,
      530,
      500,
      560,
      600,
      580,
      620,
      650,
      630,
      670,
      710,
      690,
      705,
      740,
      500,
      300,
      400,
      350,
      500,
      450,
      550,
      475,
      620,
      560,
      570.931712,
      459.923368,
      512.520228
    ],
    "Original": 150,
    "Category": "Main"
  },
  "Diamonds": {
    "History": [
      20,
      22,
      28,
      35,
      30,
      38,
      42,
      48,
      55,
      60,
      72,
      68,
      75,
      70,
      78,
      85,
      82,
      88,
      90,
      70,
      65,
      75,
      79,
      65,
      63,
      64,
      58,
      60,
      67,
      57.349708,
      55.618343,
      62.116245
    ],
    "Original": 20,
    "Category": "Main"
  },
  "Netherite": {
    "History": [
      100,
      108,
      104,
      112,
      120,
      118,
      125,
      130,
      128,
      144.445254,
      120.748937,
      140.764913
    ],
    "Original": 110,
    "Category": "Main"
  },
  "Iron": {
    "History": [
      5,
      5.4,
      5.1,
      5.8,
      6.2,
      6,
      6.6,
      7.1,
      7.9,
      7.5,
      7,
      6.238442,
      5.564302,
      6.31542
    ],
    "Original": 5,
    "Category": "Main"
  },
  "Copper": {
    "History": [
      2,
      2.3,
      2.1,
      2.6,
      2.4,
      2.9,
      3.1,
      10,
      3,
      2.627551,
      2.222622,
      2.660386
    ],
    "Original": 2.5,
    "Category": "Main"
  },
  "Coal": {
    "History": [
      1,
      1.05,
      1.1,
      1.3,
      1.25,
      1.4,
      1.55,
      1.35,
      1.65,
      1.326651,
      1.132747,
      1.336974
    ],
    "Original": 1,
    "Category": "Main"
  },
  "Dirt": {
    "History": [
      0.000031,
      0.000029,
      0.000033,
      0.000038,
      0.000035,
      0.000041,
      0.000055,
      0.0001,
      0.00013,
      0.00043,
      0.00025,
      0.00015,
      0.00005,
      0.00009,
      0.000097,
      0.00011,
      0.000124
    ],
    "Original": 0.000031,
    "Category": "Penny Index"
  },
  "Wood": {
    "History": [
      0.5,
      0.48,
      0.52,
      0.6,
      0.58,
      0.65,
      0.7,
      1,
      9,
      6,
      5,
      2,
      7,
      6,
      5,
      7,
      5,
      3,
      4,
      2,
      3,
      2,
      1,
      1,
      1,
      0.95,
      0.75,
      0.79,
      0.80206,
      0.683554,
      0.551571
    ],
    "Original": 0.5,
    "Category": "Penny Index"
  },
  "Wheat": {
    "History": [
      0.3,
      0.32,
      0.31,
      0.36,
      0.34,
      0.4,
      0.45,
      0.476112,
      0.388062,
      0.367709
    ],
    "Original": 0.3,
    "Category": "Penny Index"
  },
  "Elytra": {
    "History": [
      3000,
      3080,
      2950,
      2920,
      2850,
      2800,
      2750,
      2780,
      2820,
      2900,
      2950,
      3050,
      3100,
      3102,
      3162,
      3120,
      3185,
      3250,
      3190,
      3275,
      3350,
      3300,
      3380,
      3450,
      3520,
      3480,
      3555,
      3620,
      3580,
      3650,
      3725,
      3680,
      3760,
      3840,
      3920,
      3885,
      3029,
      3503,
      3283.077235,
      2931.555138,
      3480.416366
    ],
    "Original": 2952,
    "Category": "Trending"
  },
  "Gold": {
    "History": [
      15,
      30,
      25,
      60,
      50,
      80,
      100,
      98,
      102,
      108,
      112,
      109,
      115,
      100,
      90,
      92,
      85,
      87,
      79,
      70,
      60,
      20,
      26,
      30,
      39,
      38,
      34,
      27,
      23,
      30,
      45,
      29,
      35,
      39.850256,
      34.098983,
      31.986391
    ],
    "Original": 15,
    "Category": "Trending"
  },
  "SeanCoin": {
    "History": [
      1.3,
      1.4,
      1.1,
      0.9,
      1.1,
      1.25,
      1.35,
      1.2,
      1,
      1.15,
      1.05,
      0.95,
      1.1,
      1.3,
      1.45,
      1.2,
      1.05,
      0.85,
      0.9,
      1,
      1.2,
      1.35,
      1.15,
      1,
      0.98,
      1.05,
      1.2,
      1,
      0.95,
      0.75,
      0.85,
      0.95,
      1.15,
      1.3,
      1.4,
      1.1,
      0.9,
      1.1,
      1.25,
      1.35,
      1.2,
      1,
      1.15,
      1.05,
      0.95,
      1.1,
      1.3,
      1.45,
      0.95,
      0.81,
      1,
      2,
      3,
      2,
      1.5,
      2,
      1.8,
      2,
      1.5,
      1.65,
      1.45,
      2,
      2.5,
      3,
      5,
      4.5,
      4,
      3,
      2.5,
      3,
      2.65,
      3.161532,
      2.772294,
      2.477716
    ],
    "Original": 1.3,
    "Category": "MEME COINS"
  },
  "Mace": {
    "History": [
      38150,
      42000,
      39000,
      47000,
      35000,
      52000,
      48000,
      61000,
      45000,
      73000,
      68000,
      92000,
      105000,
      87000,
      120000,
      108317.787466,
      95915.706472,
      109260.935063
    ],
    "Original": 38150,
    "Category": "Trending"
  },
  "Obsidian": {
    "History": [
      45,
      48,
      52,
      49,
      55,
      60,
      58,
      63,
      61,
      66,
      70,
      68,
      57.925029,
      64.856362,
      68.353766
    ],
    "Original": 45,
    "Category": "Main"
  },
  "Emerald": {
    "History": [
      120,
      135,
      128,
      140,
      155,
      150,
      162,
      158,
      170,
      165,
      178,
      185,
      180,
      148.477113,
      174.929697,
      177.346771
    ],
    "Original": 120,
    "Category": "Main"
  },
  "Redstone": {
    "History": [
      3.2,
      3.4,
      3.1,
      3.6,
      3.9,
      3.7,
      4.1,
      4.4,
      4.2,
      4.6,
      4.587862,
      4.165906,
      4.315076
    ],
    "Original": 3.2,
    "Category": "Penny Index"
  },
  "Quartz": {
    "History": [
      8,
      7.5,
      7.8,
      8.4,
      8.1,
      8.9,
      9.3,
      9.1,
      9.7,
      10.2,
      9.8,
      8.904237,
      10.59781,
      11.427571
    ],
    "Original": 8,
    "Category": "Penny Index"
  },
  "EnderPearl": {
    "History": [
      220,
      245,
      238,
      260,
      255,
      275,
      290,
      285,
      305,
      298,
      315,
      330,
      365.010415,
      338.892705,
      297.263557
    ],
    "Original": 220,
    "Category": "Trending"
  },
  "WitherStar": {
    "History": [
      15000,
      16200,
      15500,
      17000,
      16800,
      18200,
      19500,
      18800,
      20500,
      21200,
      19800,
      19830.620294,
      21345.468796,
      22740.268294
    ],
    "Original": 15000,
    "Category": "Trending"
  },
  "SlimeBall": {
    "History": [
      0.12,
      0.15,
      0.14,
      0.18,
      0.22,
      0.19,
      0.25,
      0.3,
      0.27,
      0.21,
      0.24,
      0.225934,
      0.239617,
      0.225573
    ],
    "Original": 0.12,
    "Category": "Penny Index"
  },
  "Beacon": {
    "History": [
      4200,
      4500,
      4380,
      4700,
      4650,
      4900,
      5100,
      5050,
      5300,
      5450,
      5600,
      5480,
      6574.672861,
      5651.348207,
      6238.766964
    ],
    "Original": 4200,
    "Category": "Main"
  },
  "PiglinCoin": {
    "History": [
      1.1,
      1.3,
      0.95,
      1.4,
      1.2,
      1.6,
      1.8,
      1.55,
      2.1,
      1.9,
      2.3,
      2,
      2.246751,
      2.001594,
      1.918864
    ],
    "Original": 1.1,
    "Category": "MEME COINS"
  },
  "VoidFragment": {
    "History": [
      780,
      820,
      790,
      860,
      845,
      910,
      940,
      920,
      980,
      1010,
      995,
      1035,
      1080,
      1019.287101,
      1193.523421,
      1416.821462
    ],
    "Original": 780,
    "Category": "Trending"
  }
}