{
  "STOCKSMP INDEX": {
    "Original": 1000000,
    "History": [
      1000000,
      1170394.812567,
      1325360.462509,
      1485872.181677,
      1410133.64832,
      1355370.156742
    ],
    "Category": "Main"
  },
  "Diamonds": {
    "Original": 500000,
    "History": [
      500000,
      582984.792867,
      478895.966377,
      387583.579884,
      428401.962022,
      491550.957907
    ],
    "Category": "Main"
  },
  "Netherite": {
    "Original": 900000,
    "History": [
      900000,
      901018.796025,
      1013007.783063,
      1117924.160016,
      980980.136516,
      1023755.610811
    ],
    "Category": "Main"
  },
  "Iron": {
    "Original": 80000,
    "History": [
      80000,
      91632.341245,
      93841.684629,
      108610.775099,
      92053.404677,
      75711.53067
    ],
    "Category": "Main"
  },
  "Copper": {
    "Original": 40000,
    "History": [
      40000,
      42931.764486,
      48217.399873,
      57081.127446,
      60542.979313,
      57148.624688
    ],
    "Category": "Main"
  },
  "Coal": {
    "Original": 25000,
    "History": [
      25000,
      28012.860233,
      25124.805929,
      20223.399167,
      18485.035689,
      17865.430165
    ],
    "Category": "Main"
  },
  "Obsidian": {
    "Original": 90000,
    "History": [
      90000,
      101807.442503,
      119461.493001,
      108563.728125,
      97064.67025,
      92234.138433
    ],
    "Category": "Main"
  },
  "Emerald": {
    "Original": 350000,
    "History": [
      350000,
      391641.824445,
      358829.371644,
      396836.512428,
      327757.314358,
      305194.238929
    ],
    "Category": "Main"
  },
  "Beacon": {
    "Original": 3000000,
    "History": [
      3000000,
      2475100.675929,
      2858411.56373,
      2809723.747353,
      3357869.53784,
      3272638.778205
    ],
    "Category": "Main"
  },
  "G4MBLE": {
    "Original": 100000,
    "History": [
      100000,
      84839.061345,
      114461.365491,
      107255.146981,
      114412.056193,
      116971.312403
    ],
    "Category": "Main"
  },
  "Dirt": {
    "Original": 13000,
    "History": [
      13000,
      15435.032174,
      12838.633682,
      13529.789607,
      15822.229799,
      15879.309805
    ],
    "Category": "Penny Index"
  },
  "Wood": {
    "Original": 20000,
    "History": [
      20000,
      22616.930094,
      24907.99479,
      25779.729481,
      23296.008892,
      26616.485894
    ],
    "Category": "Penny Index"
  },
  "Wheat": {
    "Original": 18000,
    "History": [
      18000,
      14481.514198,
      16254.493494,
      18054.409489,
      19148.736941,
      17853.027793
    ],
    "Category": "Penny Index"
  },
  "Redstone": {
    "Original": 30000,
    "History": [
      30000,
      25265.980365,
      20902.000329,
      17749.896323,
      18970.462655,
      19236.437248
    ],
    "Category": "Penny Index"
  },
  "Quartz": {
    "Original": 45000,
    "History": [
      45000,
      39864.20457,
      47116.601263,
      45697.841522,
      49877.767969,
      42799.640633
    ],
    "Category": "Penny Index"
  },
  "SlimeBall": {
    "Original": 15000,
    "History": [
      15000,
      16629.645577,
      14770.99072,
      14827.481662,
      16855.457206,
      15226.031622
    ],
    "Category": "Penny Index"
  },
  "Elytra": {
    "Original": 2500000,
    "History": [
      2500000,
      2295203.607879,
      1954182.23637,
      2792773.772404,
      2287846.985508,
      2287064.871136
    ],
    "Category": "Trending"
  },
  "Gold": {
    "Original": 120000,
    "History": [
      120000,
      98714.449575,
      110410.051277,
      120570.316365,
      143308.272357,
      138113.167833
    ],
    "Category": "Trending"
  },
  "Mace": {
    "Original": 3500000,
    "History": [
      3500000,
      3052217.313279,
      2594438.352761,
      2731016.334953,
      2642727.39657,
      2482881.091107
    ],
    "Category": "Trending"
  },
  "EnderPearl": {
    "Original": 200000,
    "History": [
      200000,
      219839.168092,
      230983.478243,
      238137.612512,
      255408.936495,
      206618.508557
    ],
    "Category": "Trending"
  },
  "WitherStar": {
    "Original": 5000000,
    "History": [
      5000000,
      5559058.975221,
      6451173.107642,
      6808038.055658,
      6174388.437133,
      6223168.822126
    ],
    "Category": "Trending"
  },
  "VoidFragment": {
    "Original": 600000,
    "History": [
      600000,
      695677.216049,
      710804.897006,
      582965.957507,
      523252.408692,
      518534.672966
    ],
    "Category": "Trending"
  },
  "Totem of Undying": {
    "Original": 7000000,
    "History": [
      7000000,
      6229447.618057,
      5293383.627648,
      5574316.736032,
      5969465.475624,
      4874295.409511
    ],
    "Category": "Trending"
  },
  "SeanCoin": {
    "Original": 50000,
    "History": [
      50000,
      46778.297803,
      39941.655302,
      35452.603603,
      41545.734194,
      46429.816726
    ],
    "Category": "MEME COINS"
  },
  "PiglinCoin": {
    "Original": 60000,
    "History": [
      60000,
      57050.493141,
      55698.147751,
      46627.157524,
      54065.562128,
      51318.756589
    ],
    "Category": "MEME COINS"
  },
  "CreeperCoin": {
    "Original": 42000,
    "History": [
      42000,
      33841.572823,
      39276.324182,
      43593.920231,
      49888.499534,
      56654.625219
    ],
    "Category": "MEME COINS"
  },
  "EnderCoin": {
    "Original": 55000,
    "History": [
      55000,
      62515.739744,
      51294.762048,
      50138.181692,
      58638.835044,
      49720.776214
    ],
    "Category": "MEME COINS"
  },
  "SteveCoin": {
    "Original": 37000,
    "History": [
      37000,
      32474.480038,
      33738.294801,
      37949.156933,
      35228.647214,
      30356.984987
    ],
    "Category": "MEME COINS"
  },
  "VillagerCoin": {
    "Original": 61000,
    "History": [
      61000,
      55377.70338,
      57695.575406,
      54830.753604,
      60926.294482,
      69242.626868
    ],
    "Category": "MEME COINS"
  },
  "PigCoin": {
    "Original": 28000,
    "History": [
      28000,
      32185.891192,
      32223.43078,
      27487.862936,
      25678.698602,
      22527.508938
    ],
    "Category": "MEME COINS"
  },
  "ChickenCoin": {
    "Original": 24000,
    "History": [
      24000,
      25440.458004,
      23477.384911,
      22289.559023,
      22242.717308,
      25807.384173
    ],
    "Category": "MEME COINS"
  },
  "AxolotlCoin": {
    "Original": 47000,
    "History": [
      47000,
      50920.21633,
      47876.781828,
      41463.912561,
      44757.042641,
      51484.20721
    ],
    "Category": "MEME COINS"
  },
  "HerobrineCoin": {
    "Original": 88000,
    "History": [
      88000,
      73575.760847,
      82420.552071,
      69185.884843,
      55673.176857,
      49127.503739
    ],
    "Category": "MEME COINS"
  },
  "DragonCoin": {
    "Original": 120000,
    "History": [
      120000,
      112236.519604,
      128295.357639,
      121798.577506,
      144398.825977,
      165635.556203
    ],
    "Category": "MEME COINS"
  },
  "BedrockCoin": {
    "Original": 75000,
    "History": [
      75000,
      85197.332154,
      85637.023167,
      87573.320942,
      99132.064839,
      106014.354517
    ],
    "Category": "MEME COINS"
  }
}