{
  "STOCKSMP INDEX": {
    "Original": 1000000,
    "History": [
      1000000,
      1170394.812567,
      1325360.462509
    ],
    "Category": "Main"
  },
  "Diamonds": {
    "Original": 500000,
    "History": [
      500000,
      582984.792867,
      478895.966377
    ],
    "Category": "Main"
  },
  "Netherite": {
    "Original": 900000,
    "History": [
      900000,
      901018.796025,
      1013007.783063
    ],
    "Category": "Main"
  },
  "Iron": {
    "Original": 80000,
    "History": [
      80000,
      91632.341245,
      93841.684629
    ],
    "Category": "Main"
  },
  "Copper": {
    "Original": 40000,
    "History": [
      40000,
      42931.764486,
      48217.399873
    ],
    "Category": "Main"
  },
  "Coal": {
    "Original": 25000,
    "History": [
      25000,
      28012.860233,
      25124.805929
    ],
    "Category": "Main"
  },
  "Obsidian": {
    "Original": 90000,
    "History": [
      90000,
      101807.442503,
      119461.493001
    ],
    "Category": "Main"
  },
  "Emerald": {
    "Original": 350000,
    "History": [
      350000,
      391641.824445,
      358829.371644
    ],
    "Category": "Main"
  },
  "Beacon": {
    "Original": 3000000,
    "History": [
      3000000,
      2475100.675929,
      2858411.56373
    ],
    "Category": "Main"
  },
  "G4MBLE": {
    "Original": 100000,
    "History": [
      100000,
      84839.061345,
      114461.365491
    ],
    "Category": "Main"
  },
  "Dirt": {
    "Original": 13000,
    "History": [
      13000,
      15435.032174,
      12838.633682
    ],
    "Category": "Penny Index"
  },
  "Wood": {
    "Original": 20000,
    "History": [
      20000,
      22616.930094,
      24907.99479
    ],
    "Category": "Penny Index"
  },
  "Wheat": {
    "Original": 18000,
    "History": [
      18000,
      14481.514198,
      16254.493494
    ],
    "Category": "Penny Index"
  },
  "Redstone": {
    "Original": 30000,
    "History": [
      30000,
      25265.980365,
      20902.000329
    ],
    "Category": "Penny Index"
  },
  "Quartz": {
    "Original": 45000,
    "History": [
      45000,
      39864.20457,
      47116.601263
    ],
    "Category": "Penny Index"
  },
  "SlimeBall": {
    "Original": 15000,
    "History": [
      15000,
      16629.645577,
      14770.99072
    ],
    "Category": "Penny Index"
  },
  "Elytra": {
    "Original": 2500000,
    "History": [
      2500000,
      2295203.607879,
      1954182.23637
    ],
    "Category": "Trending"
  },
  "Gold": {
    "Original": 120000,
    "History": [
      120000,
      98714.449575,
      110410.051277
    ],
    "Category": "Trending"
  },
  "Mace": {
    "Original": 3500000,
    "History": [
      3500000,
      3052217.313279,
      2594438.352761
    ],
    "Category": "Trending"
  },
  "EnderPearl": {
    "Original": 200000,
    "History": [
      200000,
      219839.168092,
      230983.478243
    ],
    "Category": "Trending"
  },
  "WitherStar": {
    "Original": 5000000,
    "History": [
      5000000,
      5559058.975221,
      6451173.107642
    ],
    "Category": "Trending"
  },
  "VoidFragment": {
    "Original": 600000,
    "History": [
      600000,
      695677.216049,
      710804.897006
    ],
    "Category": "Trending"
  },
  "Totem of Undying": {
    "Original": 7000000,
    "History": [
      7000000,
      6229447.618057,
      5293383.627648
    ],
    "Category": "Trending"
  },
  "SeanCoin": {
    "Original": 50000,
    "History": [
      50000,
      46778.297803,
      39941.655302
    ],
    "Category": "MEME COINS"
  },
  "PiglinCoin": {
    "Original": 60000,
    "History": [
      60000,
      57050.493141,
      55698.147751
    ],
    "Category": "MEME COINS"
  },
  "CreeperCoin": {
    "Original": 42000,
    "History": [
      42000,
      33841.572823,
      39276.324182
    ],
    "Category": "MEME COINS"
  },
  "EnderCoin": {
    "Original": 55000,
    "History": [
      55000,
      62515.739744,
      51294.762048
    ],
    "Category": "MEME COINS"
  },
  "SteveCoin": {
    "Original": 37000,
    "History": [
      37000,
      32474.480038,
      33738.294801
    ],
    "Category": "MEME COINS"
  },
  "VillagerCoin": {
    "Original": 61000,
    "History": [
      61000,
      55377.70338,
      57695.575406
    ],
    "Category": "MEME COINS"
  },
  "PigCoin": {
    "Original": 28000,
    "History": [
      28000,
      32185.891192,
      32223.43078
    ],
    "Category": "MEME COINS"
  },
  "ChickenCoin": {
    "Original": 24000,
    "History": [
      24000,
      25440.458004,
      23477.384911
    ],
    "Category": "MEME COINS"
  },
  "AxolotlCoin": {
    "Original": 47000,
    "History": [
      47000,
      50920.21633,
      47876.781828
    ],
    "Category": "MEME COINS"
  },
  "HerobrineCoin": {
    "Original": 88000,
    "History": [
      88000,
      73575.760847,
      82420.552071
    ],
    "Category": "MEME COINS"
  },
  "DragonCoin": {
    "Original": 120000,
    "History": [
      120000,
      112236.519604,
      128295.357639
    ],
    "Category": "MEME COINS"
  },
  "BedrockCoin": {
    "Original": 75000,
    "History": [
      75000,
      85197.332154,
      85637.023167
    ],
    "Category": "MEME COINS"
  }
}