{
  "STOCKSMP INDEX": {
    "Original": 1000000,
    "History": [
      1000000,
      1170394.812567,
      1325360.462509,
      1485872.181677,
      1410133.64832,
      1355370.156742,
      1139661.395843,
      1286274.921974
    ],
    "Category": "Main"
  },
  "Diamonds": {
    "Original": 500000,
    "History": [
      500000,
      582984.792867,
      478895.966377,
      387583.579884,
      428401.962022,
      491550.957907,
      576980.490713,
      525941.953165
    ],
    "Category": "Main"
  },
  "Netherite": {
    "Original": 900000,
    "History": [
      900000,
      901018.796025,
      1013007.783063,
      1117924.160016,
      980980.136516,
      1023755.610811,
      973810.325558,
      839684.875884
    ],
    "Category": "Main"
  },
  "Iron": {
    "Original": 80000,
    "History": [
      80000,
      91632.341245,
      93841.684629,
      108610.775099,
      92053.404677,
      75711.53067,
      62410.628831,
      74441.895566
    ],
    "Category": "Main"
  },
  "Copper": {
    "Original": 40000,
    "History": [
      40000,
      42931.764486,
      48217.399873,
      57081.127446,
      60542.979313,
      57148.624688,
      62570.915394,
      63645.372531
    ],
    "Category": "Main"
  },
  "Coal": {
    "Original": 25000,
    "History": [
      25000,
      28012.860233,
      25124.805929,
      20223.399167,
      18485.035689,
      17865.430165,
      19395.247047,
      18872.460569
    ],
    "Category": "Main"
  },
  "Obsidian": {
    "Original": 90000,
    "History": [
      90000,
      101807.442503,
      119461.493001,
      108563.728125,
      97064.67025,
      92234.138433,
      103186.283387,
      90782.204149
    ],
    "Category": "Main"
  },
  "Emerald": {
    "Original": 350000,
    "History": [
      350000,
      391641.824445,
      358829.371644,
      396836.512428,
      327757.314358,
      305194.238929,
      257671.612861,
      220720.096204
    ],
    "Category": "Main"
  },
  "Beacon": {
    "Original": 3000000,
    "History": [
      3000000,
      2475100.675929,
      2858411.56373,
      2809723.747353,
      3357869.53784,
      3272638.778205,
      3627638.519537,
      3431926.223691
    ],
    "Category": "Main"
  },
  "G4MBLE": {
    "Original": 100000,
    "History": [
      100000,
      84839.061345,
      114461.365491,
      107255.146981,
      114412.056193,
      116971.312403,
      127690.235567,
      135151.863611
    ],
    "Category": "Main"
  },
  "Dirt": {
    "Original": 13000,
    "History": [
      13000,
      15435.032174,
      12838.633682,
      13529.789607,
      15822.229799,
      15879.309805,
      18177.905556,
      17414.82067
    ],
    "Category": "Penny Index"
  },
  "Wood": {
    "Original": 20000,
    "History": [
      20000,
      22616.930094,
      24907.99479,
      25779.729481,
      23296.008892,
      26616.485894,
      28155.820069,
      27533.567774
    ],
    "Category": "Penny Index"
  },
  "Wheat": {
    "Original": 18000,
    "History": [
      18000,
      14481.514198,
      16254.493494,
      18054.409489,
      19148.736941,
      17853.027793,
      14971.398709,
      15974.884545
    ],
    "Category": "Penny Index"
  },
  "Redstone": {
    "Original": 30000,
    "History": [
      30000,
      25265.980365,
      20902.000329,
      17749.896323,
      18970.462655,
      19236.437248,
      22531.098216,
      22989.014329
    ],
    "Category": "Penny Index"
  },
  "Quartz": {
    "Original": 45000,
    "History": [
      45000,
      39864.20457,
      47116.601263,
      45697.841522,
      49877.767969,
      42799.640633,
      40854.82484,
      36423.477066
    ],
    "Category": "Penny Index"
  },
  "SlimeBall": {
    "Original": 15000,
    "History": [
      15000,
      16629.645577,
      14770.99072,
      14827.481662,
      16855.457206,
      15226.031622,
      15084.791955,
      13861.017441
    ],
    "Category": "Penny Index"
  },
  "Elytra": {
    "Original": 2500000,
    "History": [
      2500000,
      2295203.607879,
      1954182.23637,
      2792773.772404,
      2287846.985508,
      2287064.871136,
      1887776.549078,
      2130703.356729
    ],
    "Category": "Trending"
  },
  "Gold": {
    "Original": 120000,
    "History": [
      120000,
      98714.449575,
      110410.051277,
      120570.316365,
      143308.272357,
      138113.167833,
      139578.484608,
      153901.03241
    ],
    "Category": "Trending"
  },
  "Mace": {
    "Original": 3500000,
    "History": [
      3500000,
      3052217.313279,
      2594438.352761,
      2731016.334953,
      2642727.39657,
      2482881.091107,
      2238400.594598,
      2679929.663094
    ],
    "Category": "Trending"
  },
  "EnderPearl": {
    "Original": 200000,
    "History": [
      200000,
      219839.168092,
      230983.478243,
      238137.612512,
      255408.936495,
      206618.508557,
      181363.623426,
      148749.060976
    ],
    "Category": "Trending"
  },
  "WitherStar": {
    "Original": 5000000,
    "History": [
      5000000,
      5559058.975221,
      6451173.107642,
      6808038.055658,
      6174388.437133,
      6223168.822126,
      7355842.916696,
      6761439.022338
    ],
    "Category": "Trending"
  },
  "VoidFragment": {
    "Original": 600000,
    "History": [
      600000,
      695677.216049,
      710804.897006,
      582965.957507,
      523252.408692,
      518534.672966,
      594431.872352,
      506533.993007
    ],
    "Category": "Trending"
  },
  "Totem of Undying": {
    "Original": 7000000,
    "History": [
      7000000,
      6229447.618057,
      5293383.627648,
      5574316.736032,
      5969465.475624,
      4874295.409511,
      3976962.059903,
      3643470.794058
    ],
    "Category": "Trending"
  },
  "SeanCoin": {
    "Original": 50000,
    "History": [
      50000,
      46778.297803,
      39941.655302,
      35452.603603,
      41545.734194,
      46429.816726,
      41457.703851,
      36829.404568
    ],
    "Category": "MEME COINS"
  },
  "PiglinCoin": {
    "Original": 60000,
    "History": [
      60000,
      57050.493141,
      55698.147751,
      46627.157524,
      54065.562128,
      51318.756589,
      41932.827646,
      35966.673102
    ],
    "Category": "MEME COINS"
  },
  "CreeperCoin": {
    "Original": 42000,
    "History": [
      42000,
      33841.572823,
      39276.324182,
      43593.920231,
      49888.499534,
      56654.625219,
      57518.211376,
      48109.319542
    ],
    "Category": "MEME COINS"
  },
  "EnderCoin": {
    "Original": 55000,
    "History": [
      55000,
      62515.739744,
      51294.762048,
      50138.181692,
      58638.835044,
      49720.776214,
      51714.409945,
      59989.975472
    ],
    "Category": "MEME COINS"
  },
  "SteveCoin": {
    "Original": 37000,
    "History": [
      37000,
      32474.480038,
      33738.294801,
      37949.156933,
      35228.647214,
      30356.984987,
      27740.061369,
      29192.87988
    ],
    "Category": "MEME COINS"
  },
  "VillagerCoin": {
    "Original": 61000,
    "History": [
      61000,
      55377.70338,
      57695.575406,
      54830.753604,
      60926.294482,
      69242.626868,
      82652.206805,
      84858.931901
    ],
    "Category": "MEME COINS"
  },
  "PigCoin": {
    "Original": 28000,
    "History": [
      28000,
      32185.891192,
      32223.43078,
      27487.862936,
      25678.698602,
      22527.508938,
      25458.91406,
      20904.114052
    ],
    "Category": "MEME COINS"
  },
  "ChickenCoin": {
    "Original": 24000,
    "History": [
      24000,
      25440.458004,
      23477.384911,
      22289.559023,
      22242.717308,
      25807.384173,
      28983.040911,
      19252.614687
    ],
    "Category": "MEME COINS"
  },
  "AxolotlCoin": {
    "Original": 47000,