{
  "STOCKSMP INDEX": {
    "Original": 1153846,
    "History": [
      1153846,
      1156480.874617,
      1136334.989004,
      1130750.563171,
      1143928.961984,
      1121712.64182,
      1126390.969507,
      1123844.791859,
      1124474.200006,
      1122021.97782,
      1122651.804551
    ],
    "Category": "Main"
  },
  "Diamonds": {
    "Original": 576923,
    "History": [
      576923,
      573870.094249,
      575465.95788,
      574660.207109,
      568973.774457,
      558017.258681,
      552701.572873,
      560534.895688,
      550659.700189,
      558338.914378,
      568032.754144
    ],
    "Category": "Main"
  },
  "Netherite": {
    "Original": 1038462,
    "History": [
      1038462,
      1035929.16477,
      1049309.432204,
      1041873.25619,
      1031671.788767,
      1011207.698198,
      1014789.43808,
      995769.014137,
      989083.40637,
      1003156.433641,
      1005743.784752
    ],
    "Category": "Main"
  },
  "Iron": {
    "Original": 92308,
    "History": [
      92308,
      91076.498501,
      90139.176615,
      89237.516269,
      88850.625337,
      87747.371172,
      93855.91513,
      92530.425151,
      91099.392349,
      91923.18999,
      91755.922396
    ],
    "Category": "Main"
  },
  "Copper": {
    "Original": 46154,
    "History": [
      46154,
      45587.498304,
      45577.079652,
      45244.114164,
      45149.221907,
      45164.427321,
      45689.942756,
      46520.18188,
      46314.13411,
      46480.531661,
      46958.970991
    ],
    "Category": "Main"
  },
  "Coal": {
    "Original": 28846,
    "History": [
      28846,
      29106.487612,
      28572.466569,
      28062.931372,
      28450.561519,
      28477.324395,
      28045.709239,
      27605.970353,
      27236.665371,
      27325.265885,
      27535.717968
    ],
    "Category": "Main"
  },
  "Obsidian": {
    "Original": 103846,
    "History": [
      103846,
      102134.201731,
      102181.47243,
      102807.086031,
      102930.095064,
      103293.976137,
      103244.438743,
      102153.131037,
      102578.824579,
      103669.917392,
      105168.223104
    ],
    "Category": "Main"
  },
  "Emerald": {
    "Original": 403846,
    "History": [
      403846,
      406777.954622,
      405598.339133,
      399001.963277,
      401445.01775,
      400596.028721,
      404659.318463,
      407141.567906,
      415026.902541,
      411652.528079,
      411933.918369
    ],
    "Category": "Main"
  },
  "Beacon": {
    "Original": 3461538,
    "History": [
      3461538,
      3471076.189141,
      3531276.888009,
      3480789.503421,
      3444729.306645,
      3382288.726014,
      3330672.071326,
      3395610.204296,
      3373449.344653,
      3331445.795961,
      3375219.805687
    ],
    "Category": "Main"
  },
  "G4MBLE": {
    "Original": 115385,
    "History": [
      115385,
      117287.586337,
      118979.43394,
      121181.040473,
      123076.689349,
      122587.207517,
      122351.313511,
      122082.587712,
      120976.999273,
      119668.569068,
      124153.047258
    ],
    "Category": "Main"
  },
  "Dirt": {
    "Original": 15000,
    "History": [
      15000,
      14800.020513,
      14515.190151,
      14556.519024,
      14366.045073,
      14270.161627,
      14541.760204,
      14788.088764,
      14571.517722,
      14352.238868,
      14161.572093
    ],
    "Category": "Penny Index"
  },
  "Wood": {
    "Original": 30000,
    "History": [
      30000,
      29582.844148,
      29632.003315,
      30024.459776,
      30053.023174,
      30343.373306,
      30741.190774,
      31168.362405,
      31334.648331,
      31172.887702,
      31223.586709
    ],
    "Category": "Penny Index"
  },
  "Wheat": {
    "Original": 20769,
    "History": [
      20769,
      20357.391029,
      20598.21939,
      20883.123054,
      20700.398479,
      20465.266459,
      20277.701362,
      20496.160196,
      20326.568847,
      20637.501381,
      20324.462804
    ],
    "Category": "Penny Index"
  },
  "Redstone": {
    "Original": 34615,
    "History": [
      34615,
      34583.908519,
      35068.55507,
      35658.194319,
      34972.795367,
      34836.25977,
      35523.177801,
      35472.318343,
      36086.045312,
      36618.743269,
      37340.572136
    ],
    "Category": "Penny Index"
  },
  "Quartz": {
    "Original": 51923,
    "History": [
      51923,
      52797.86026,
      51814.536796,
      51432.861081,
      50624.961214,
      50463.359789,
      50357.824541,
      53472.104483,
      52499.011241,
      51913.210003,
      52804.780624
    ],
    "Category": "Penny Index"
  },
  "SlimeBall": {
    "Original": 17308,
    "History": [
      17308,
      17102.955226,
      17371.386678,
      17374.368649,
      17253.521824,
      17022.198996,
      17272.723359,
      17203.98765,
      17221.370103,
      17480.292244,
      17255.205642
    ],
    "Category": "Penny Index"
  },
  "Elytra": {
    "Original": 2884615,
    "History": [
      2884615,
      2875647.070884,
      2818210.468462,
      2763347.980161,
      2776519.375626,
      2825749.389401,
      2864047.689314,
      2878257.708677,
      2887002.691095,
      2897132.75389,
      2941144.039159
    ],
    "Category": "Trending"
  },
  "Gold": {
    "Original": 138462,
    "History": [
      138462,
      139690.720544,
      138253.237083,
      138551.382054,
      137992.259213,
      135679.128175,
      136756.610474,
      134784.660143,
      134557.9523,
      133969.951281,
      134035.202654
    ],
    "Category": "Trending"
  },
  "Mace": {
    "Original": 4038462,
    "History": [
      4038462,
      4003175.606018,
      3936424.399686,
      3938554.718396,
      3968628.482076,
      4047058.190352,
      4085187.598582,
      4064997.668485,
      4096941.391988,
      4140368.397819,
      4154932.948554
    ],
    "Category": "Trending"
  },
  "EnderPearl": {
    "Original": 230769,
    "History": [
      230769,
      229686.474306,
      229757.023594,
      229807.229764,
      232103.968571,
      236623.86633,
      239382.025234,
      237605.020246,
      234884.795385,
      232886.604894,
      234660.940351
    ],
    "Category": "Trending"
  },
  "WitherStar": {
    "Original": 5769231,
    "History": [
      5769231,
      5707495.703511,
      5772732.857693,
      5675943.958441,
      5740599.306903,
      5669226.721906,
      5720981.149499,
      5608003.402681,
      5564609.219924,
      5567789.493201,
      5505606.521081
    ],
    "Category": "Trending"
  },
  "VoidFragment": {
    "Original": 692308,
    "History": [
      692308,
      681144.885462,
      680963.565695,
      673354.138299,
      682290.706011,
      678835.922623,
      677397.480763,
      683974.971021,
      671035.173815,
      669517.48449,
      672952.605198
    ],
    "Category": "Trending"
  },
  "Totem of Undying": {
    "Original": 8076923,
    "History": [
      8076923,
      8138632.135861,
      8239337.119074,
      8366870.651718,
      8424816.180632,
      8439738.292725,
      8392780.832144,
      8412671.75146,
      8258764.82398,
      8157600.879207,
      8176708.690372
    ],
    "Category": "Trending"
  },
  "SeanCoin": {
    "Original": 57692,
    "History": [
      57692,
      58464.839962,
      58157.686719,
      58037.132052,
      57278.179651,
      57907.990396,
      58132.966535,
      58449.232482,
      57816.402669,
      57474.509447,
      58415.713605
    ],
    "Category": "MEME COINS"
  },
  "PiglinCoin": {
    "Original": 69231,
    "History": [
      69231,
      67865.524271,
      67219.570069,
      66003.351702,
      66643.00485,
      66501.333826,
      66748.804521,
      65812.838122,
      65076.610551,
      65652.49852,
      65775.48411
    ],
    "Category": "MEME COINS"
  },
  "CreeperCoin": {
    "Original": 48462,