{
  "STOCKSMP INDEX": {
    "History": [
      300,
      420,
      510,
      480,
      530,
      500,
      560,
      600,
      580,
      620,
      650,
      630,
      670,
      710,
      690,
      705,
      740,
      500,
      300,
      400,
      350,
      500,
      450,
      550,
      475,
      620,
      560
    ],
    "Original": 150,
    "Category": "Main"
  },
  "Diamonds": {
    "History": [
      20,
      22,
      28,
      35,
      30,
      38,
      42,
      48,
      55,
      60,
      72,
      68,
      75,
      70,
      78,
      85,
      82,
      88,
      90,
      70,
      65,
      75,
      79,
      65,
      63,
      64,
      58,
      60,
      67
    ],
    "Original": 20,
    "Category": "Main"
  },
  "Netherite": {
    "History": [
      100,
      108,
      104,
      112,
      120,
      118,
      125,
      130,
      128
    ],
    "Original": 110,
    "Category": "Main"
  },
  "Iron": {
    "History": [
      5,
      5.4,
      5.1,
      5.8,
      6.2,
      6,
      6.6,
      7.1,
      7.9,
      7.5,
      7
    ],
    "Original": 5,
    "Category": "Main"
  },
  "Copper": {
    "History": [
      2,
      2.3,
      2.1,
      2.6,
      2.4,
      2.9,
      3.1
    ],
    "Original": 2.5,
    "Category": "Main"
  },
  "Coal": {
    "History": [
      1,
      1.05,
      1.1,
      1.3,
      1.25,
      1.4,
      1.55
    ],
    "Original": 1,
    "Category": "Main"
  },
  "Dirt": {
    "History": [
      0.000031,
      0.000029,
      0.000033,
      0.000038,
      0.000035,
      0.000041,
      0.000055
    ],
    "Original": 0.000031,
    "Category": "Penny Index"
  },
  "Wood": {
    "History": [
      0.5,
      0.48,
      0.52,
      0.6,
      0.58,
      0.65,
      0.7,
      1,
      9,
      6,
      5,
      2,
      7,
      6,
      5,
      7,
      5,
      3,
      4,
      2,
      3,
      2,
      1,
      1,
      1,
      0.95,
      0.75,
      0.79
    ],
    "Original": 0.5,
    "Category": "Penny Index"
  },
  "Wheat": {
    "History": [
      0.3,
      0.32,
      0.31,
      0.36,
      0.34,
      0.4,
      0.45
    ],
    "Original": 0.3,
    "Category": "Penny Index"
  },
  "Elytra": {
    "History": [
      3000,
      3080,
      2950,
      2920,
      2850,
      2800,
      2750,
      2780,
      2820,
      2900,
      2950,
      3050,
      3100,
      3102,
      3162,
      3120,
      3185,
      3250,
      3190,
      3275,
      3350,
      3300,
      3380,
      3450,
      3520,
      3480,
      3555,
      3620,
      3580,
      3650,
      3725,
      3680,
      3760,
      3840,
      3920,
      3885,
      3029,
      3503
    ],
    "Original": 2952,
    "Category": "Trending"
  },
  "Gold": {
    "History": [
      15,
      30,
      25,
      60,
      50,
      80,
      100,
      98,
      102,
      108,
      112,
      109,
      115,
      100,
      90,
      92,
      85,
      87,
      79,
      70,
      60,
      20,
      26,
      30,
      39,
      38,
      34,
      27,
      23,
      30
    ],
    "Original": 15,
    "Category": "Trending"
  },
  "SeanCoin": {
  "History": [
    1.3,
    1.4,
    1.1,
    0.9,
    1.1,
    1.25,
    1.35,
    1.2,
    1.0,
    1.15,
    1.05,
    0.95,
    1.1,
    1.3,
    1.45,
    1.2,
    1.05,
    0.85,
    0.9,
    1.0,
    1.2,
    1.35,
    1.15,
    1.0,
    0.98,
    1.05,
    1.2,
    1,
    0.95,
    0.75,
    0.85,
    0.95,
    1.15,
    1.3,
    1.4,
    1.1,
    0.9,
    1.1,
    1.25,
    1.35,
    1.2,
    1.0,
    1.15,
    1.05,
    0.95,
    1.1,
    1.3,
    1.45,
    0.95,
    0.81,
    1,
    2,
    3
  ],
  "Original": 1.3,
  "Category": "Penny Index"
}
}
