{
  "STOCKSMP INDEX": {
    "Original": 1153846,
    "History": [
      1153846,
      1156480.874617,
      1136334.989004,
      1130750.563171
    ],
    "Category": "Main"
  },
  "Diamonds": {
    "Original": 576923,
    "History": [
      576923,
      573870.094249,
      575465.95788,
      574660.207109
    ],
    "Category": "Main"
  },
  "Netherite": {
    "Original": 1038462,
    "History": [
      1038462,
      1035929.16477,
      1049309.432204,
      1041873.25619
    ],
    "Category": "Main"
  },
  "Iron": {
    "Original": 92308,
    "History": [
      92308,
      91076.498501,
      90139.176615,
      89237.516269
    ],
    "Category": "Main"
  },
  "Copper": {
    "Original": 46154,
    "History": [
      46154,
      45587.498304,
      45577.079652,
      45244.114164
    ],
    "Category": "Main"
  },
  "Coal": {
    "Original": 28846,
    "History": [
      28846,
      29106.487612,
      28572.466569,
      28062.931372
    ],
    "Category": "Main"
  },
  "Obsidian": {
    "Original": 103846,
    "History": [
      103846,
      102134.201731,
      102181.47243,
      102807.086031
    ],
    "Category": "Main"
  },
  "Emerald": {
    "Original": 403846,
    "History": [
      403846,
      406777.954622,
      405598.339133,
      399001.963277
    ],
    "Category": "Main"
  },
  "Beacon": {
    "Original": 3461538,
    "History": [
      3461538,
      3471076.189141,
      3531276.888009,
      3480789.503421
    ],
    "Category": "Main"
  },
  "G4MBLE": {
    "Original": 115385,
    "History": [
      115385,
      117287.586337,
      118979.43394,
      121181.040473
    ],
    "Category": "Main"
  },
  "Dirt": {
    "Original": 15000,
    "History": [
      15000,
      14800.020513,
      14515.190151,
      14556.519024
    ],
    "Category": "Penny Index"
  },
  "Wood": {
    "Original": 30000,
    "History": [
      30000,
      29582.844148,
      29632.003315,
      30024.459776
    ],
    "Category": "Penny Index"
  },
  "Wheat": {
    "Original": 20769,
    "History": [
      20769,
      20357.391029,
      20598.21939,
      20883.123054
    ],
    "Category": "Penny Index"
  },
  "Redstone": {
    "Original": 34615,
    "History": [
      34615,
      34583.908519,
      35068.55507,
      35658.194319
    ],
    "Category": "Penny Index"
  },
  "Quartz": {
    "Original": 51923,
    "History": [
      51923,
      52797.86026,
      51814.536796,
      51432.861081
    ],
    "Category": "Penny Index"
  },
  "SlimeBall": {
    "Original": 17308,
    "History": [
      17308,
      17102.955226,
      17371.386678,
      17374.368649
    ],
    "Category": "Penny Index"
  },
  "Elytra": {
    "Original": 2884615,
    "History": [
      2884615,
      2875647.070884,
      2818210.468462,
      2763347.980161
    ],
    "Category": "Trending"
  },
  "Gold": {
    "Original": 138462,
    "History": [
      138462,
      139690.720544,
      138253.237083,
      138551.382054
    ],
    "Category": "Trending"
  },
  "Mace": {
    "Original": 4038462,
    "History": [
      4038462,
      4003175.606018,
      3936424.399686,
      3938554.718396
    ],
    "Category": "Trending"
  },
  "EnderPearl": {
    "Original": 230769,
    "History": [
      230769,
      229686.474306,
      229757.023594,
      229807.229764
    ],
    "Category": "Trending"
  },
  "WitherStar": {
    "Original": 5769231,
    "History": [
      5769231,
      5707495.703511,
      5772732.857693,
      5675943.958441
    ],
    "Category": "Trending"
  },
  "VoidFragment": {
    "Original": 692308,
    "History": [
      692308,
      681144.885462,
      680963.565695,
      673354.138299
    ],
    "Category": "Trending"
  },
  "Totem of Undying": {
    "Original": 8076923,
    "History": [
      8076923,
      8138632.135861,
      8239337.119074,
      8366870.651718
    ],
    "Category": "Trending"
  },
  "SeanCoin": {
    "Original": 57692,
    "History": [
      57692,
      58464.839962,
      58157.686719,
      58037.132052
    ],
    "Category": "MEME COINS"
  },
  "PiglinCoin": {
    "Original": 69231,
    "History": [
      69231,
      67865.524271,
      67219.570069,
      66003.351702
    ],
    "Category": "MEME COINS"
  },
  "CreeperCoin": {
    "Original": 48462,
    "History": [
      48462,
      48159.200998,
      48191.904673,
      48112.635745
    ],
    "Category": "MEME COINS"
  },
  "EnderCoin": {
    "Original": 63462,
    "History": [
      63462,
      63925.861183,
      62731.920576,
      61627.02085
    ],
    "Category": "MEME COINS"
  },
  "SteveCoin": {
    "Original": 42692,
    "History": [
      42692,
      43032.417108,
      42745.80523,
      42196.797576
    ],
    "Category": "MEME COINS"
  },
  "VillagerCoin": {
    "Original": 70385,
    "History": [
      70385,
      70393.19991,
      70206.502674,
      69233.200733
    ],
    "Category": "MEME COINS"
  },
  "PigCoin": {
    "Original": 32308,
    "History": [
      32308,
      32594.258523,
      32558.693033,
      32846.298481
    ],
    "Category": "MEME COINS"
  },
  "ChickenCoin": {
    "Original": 27692,
    "History": [
      27692,
      27759.843653,
      27499.058895,
      27701.482133
    ],
    "Category": "MEME COINS"
  },
  "AxolotlCoin": {
    "Original": 54231,
    "History": [
      54231,
      53267.715107,
      53650.146117,
      54316.730646
    ],
    "Category": "MEME COINS"
  },
  "HerobrineCoin": {
    "Original": 101538,
    "History": [
      101538,
      100568.012074,
      100433.451004,
      101483.652209
    ],
    "Category": "MEME COINS"
  },
  "DragonCoin": {
    "Original": 138462,
    "History": [
      138462,
      138541.41473,
      139844.251006,
      141546.222817
    ],
    "Category": "MEME COINS"
  },
  "BedrockCoin": {
    "Original": 86538,
    "History": [
      86538,
      84976.880531,
      85162.012376,
      86330.554821
    ],
    "Category": "MEME COINS"
  }
}